"2633316304,"
"2642094636,"
"2631305202,"
"2620557166,"
"2652865446,"
"2643926781,"
"2652801886,"
"2642774614,"
"2583397399,"
"2652527717,"
"2642735068,"
"2639170991,"
"2625871013,"
"2642730851,"
"2596264775,"
"2642733627,"
"2642047619,"
"2642731706,"
"2625191340,"
"2642731707,"
"2601678189,"
"2642733626,"
"2652878200,"
"2642053030,"
"2640330671,"
"2642735068,"
"2642731706,"
"2642730851,"
"2642731707,"
"2642733626,"
"2631305202,"
"2652865446,"
"2633316304,"
"2642733627,"
"2653043468,"
"2642094636,"
"2642774614,"
"2652527717,"
"2643901584,"
"2620557166,"
"2643918047,"
"2642053030,"
"2646525248,"
"2642065897,"
"2643914468,"
"2583366845,"
"2637740152,"
"2646583025,"
"2642047619,"
"2637699985,"
"2633316304,"
"2642094636,"
"2631305202,"
"2620557166,"
"2652865446,"
"2643926781,"
"2652801886,"
"2642774614,"
"2583397399,"
"2652527717,"
"2642735068,"
"2639170991,"
"2625871013,"
"2596264775,"
"2642047619,"
"2625191340,"
"2652878200,"
"2642743472,"
"2637740152,"
"2646525248,"
"2646586984,"
"2593372804,"
"2651598440,"
"2633316304,"
"2642094636,"
"2631305202,"
"2620557166,"
"2652865446,"
"2653043468,"
"2643926781,"
"2652801886,"
"2642774614,"
"2583397399,"
"2652527717,"
"2642735068,"
"2639170991,"
"2625871013,"
"2596264775,"
"2642047619,"
"2625191340,"
"2652878200,"
"2642743472,"
"2637740152,"
"2646525248,"
"2646586984,"
"2593372804,"
"2633316304,"
"2642094636,"
"2631305202,"
"2620557166,"
"2652865446,"
"2643926781,"
"2652801886,"
"2642774614,"
"2583397399,"
"2652527717,"
"2642735068,"
"2639170991,"
"2625871013,"
"2596264775,"
"2642047619,"
"2625191340,"
"2652878200,"
"2642743472,"
"2637740152,"
"2646525248,"
"2646586984,"
"2593372804,"
"2651598440,"
"2642735068,"
"2631305202,"
"2652865446,"
"2633316304,"
"2642094636,"
"2642774614,"
"2652527717,"
"2643901584,"
"2620557166,"
"2643918047,"
"2642053030,"
"2646525248,"
"2642065897,"
"2583366845,"
"2637740152,"
"2646583025,"
"2637699985,"
"2652828509,"
"2652526990,"
"1,"
"2596264775,"
"2642715085,"
"2642735068,"
"2631305202,"
"2652865446,"
"2633316304,"
"2642094636,"
"2642774614,"
"2652527717,"
"2643901584,"
"2620557166,"
"2643918047,"
"2642053030,"
"2646525248,"
"2642065897,"
"2583366845,"
"2637740152,"
"2646583025,"
"2637699985,"
"2652828509,"
"2652526990,"
"1,"
"2596264775,"
"2642715085,"
"2633316304,"
"2642094636,"
"2631305202,"
"2620557166,"
"2652865446,"
"2643926781,"
"2652801886,"
"2642774614,"
"2583397399,"
"2652527717,"
"2642735068,"
"2639170991,"
"2625871013,"
"2642730851,"
"2596264775,"
"2642733627,"
"2642047619,"
"2642731706,"
"2625191340,"
"2642731707,"
"2601678189,"
"2642733626,"
"2652878200,"
"2642053030,"
"2640330671,"
"2633316304,"
"2642094636,"
"2631305202,"
"2620557166,"
"2652865446,"
"2643926781,"
"2652801886,"
"2642774614,"
"2583397399,"
"2652527717,"
"2642735068,"
"2639170991,"
"2625871013,"
"2642730851,"
"2596264775,"
"2642733627,"
"2642047619,"
"2642731706,"
"2625191340,"
"2642731707,"
"2601678189,"
"2642733626,"
"2652878200,"
"2642053030,"
"2640330671,"
"2633316304,"
"2642094636,"
"2631305202,"
"2620557166,"
"2652865446,"
"2653043468,"
"2643926781,"
"2652801886,"
"2642774614,"
"2583397399,"
"2652527717,"
"2642735068,"
"2639170991,"
"2625871013,"
"2642730851,"
"2596264775,"
"2642733627,"
"2642047619,"
"2642731706,"
"2625191340,"
"2642731707,"
"2601678189,"
"2642733626,"
"2652878200,"
"2642053030,"
"2633316304,"
"2642094636,"
"2631305202,"
"2620557166,"
"2652865446,"
"2643926781,"
"2652801886,"
"2642774614,"
"2583397399,"
"2652527717,"
"2642735068,"
"2639170991,"
"2625871013,"
"2596264775,"
"2642047619,"
"2625191340,"
"2652878200,"
"2642743472,"
"2637740152,"
"2646525248,"
"2646586984,"
"2593372804,"
"2651598440,"
"2642735068,"
"2631305202,"
"2652865446,"
"2633316304,"
"2642094636,"
"2642774614,"
"2652527717,"
"2643901584,"
"2620557166,"
"2643918047,"
"2642053030,"
"2646525248,"
"2642065897,"
"2583366845,"
"2637740152,"
"2646583025,"
"2637699985,"
"2652828509,"
"2652526990,"
"1,"
"2596264775,"
"2642715085,"
"2642735068,"
"2631305202,"
"2652865446,"
"2633316304,"
"2642094636,"
"2642774614,"
"2652527717,"
"2643901584,"
"2620557166,"
"2643918047,"
"2642053030,"
"2646525248,"
"2642065897,"
"2583366845,"
"2637740152,"
"2646583025,"
"2637699985,"
"2652828509,"
"2652526990,"
"1,"
"2596264775,"
"2642715085,"
"2642735068,"
"2631305202,"
"2652865446,"
"2633316304,"
"2642094636,"
"2642774614,"
"2652527717,"
"2643901584,"
"2620557166,"
"2643918047,"
"2642053030,"
"2646525248,"
"2642065897,"
"2583366845,"
"2637740152,"
"2646583025,"
"2637699985,"
"2652828509,"
"2652526990,"
"1,"
"2596264775,"
"2642715085,"
"2633316304,"
"2642094636,"
"2631305202,"
"2620557166,"
"2652865446,"
"2643926781,"
"2652801886,"
"2642774614,"
"2583397399,"
"2652527717,"
"2642735068,"
"2639170991,"
"2625871013,"
"2596264775,"
"2642047619,"
"2625191340,"
"2652878200,"
"2642743472,"
"2637740152,"
"2646525248,"
"2646586984,"
"2593372804,"
"2651598440,"
"2633316304,"
"2642094636,"
"2631305202,"
"2620557166,"
"2652865446,"
"2643926781,"
"2652801886,"
"2642774614,"
"2583397399,"
"2652527717,"
"2642735068,"
"2639170991,"
"2625871013,"
"2642730851,"
"2596264775,"
"2642733627,"
"2642047619,"
"2642731706,"
"2625191340,"
"2642731707,"
"2601678189,"
"2642733626,"
"2652878200,"
"2642053030,"
"2640330671,"
"2642735068,"
"2642731706,"
"2642730851,"
"2642731707,"
"2642733626,"
"2631305202,"
"2652865446,"
"2633316304,"
"2642733627,"
"2642094636,"
"2642774614,"
"2652527717,"
"2643901584,"
"2620557166,"
"2643918047,"
"2642053030,"
"2646525248,"
"2642065897,"
"2643914468,"
"2583366845,"
"2637740152,"
"2646583025,"
"2642047619,"
"2637699985,"
"2652828509,"
"2631305202,"
"2637703766,"
"2637709011,"
"2642735068,"
"2634228022,"
"2642019849,"
"2642730851,"
"2652865446,"
"2637740152,"
"2642094636,"
"2642733627,"
"2637706392,"
"2637707200,"
"2620557166,"
"2637704698,"
"2637704701,"
"2633316304,"
"2642731707,"
"2642743472,"
"2642731706,"
"2636411247,"
"2652828509,"
"2652801886,"
"2642774614,"
"2633316304,"
"2642094636,"
"2631305202,"
"2620557166,"
"2652865446,"
"2643926781,"
"2652801886,"
"2642774614,"
"2583397399,"
"2652527717,"
"2642735068,"
"2639170991,"
"2625871013,"
"2596264775,"
"2642047619,"
"2625191340,"
"2652878200,"
"2642743472,"
"2637740152,"
"2646525248,"
"2646586984,"
"2593372804,"
"2651598440,"
"2633316304,"
"2642094636,"
"2631305202,"
"2620557166,"
"2652865446,"
"2653043468,"
"2643926781,"
"2652801886,"
"2642774614,"
"2583397399,"
"2652527717,"
"2642735068,"
"2639170991,"
"2625871013,"
"2596264775,"
"2642047619,"
"2625191340,"
"2652878200,"
"2642743472,"
"2637740152,"
"2646525248,"
"2646586984,"
"2593372804,"
"2633316304,"
"2642094636,"
"2631305202,"
"2620557166,"
"2652865446,"
"2643926781,"
"2652801886,"
"2642774614,"
"2583397399,"
"2652527717,"
"2642735068,"
"2639170991,"
"2625871013,"
"2642730851,"
"2596264775,"
"2642733627,"
"2642047619,"
"2642731706,"
"2625191340,"
"2642731707,"
"2601678189,"
"2642733626,"
"2652878200,"
"2642053030,"
"2640330671,"
"2642735068,"
"2642731706,"
"2642730851,"
"2642731707,"
"2642733626,"
"2631305202,"
"2652865446,"
"2633316304,"
"2642733627,"
"2642094636,"
"2642774614,"
"2652527717,"
"2643901584,"
"2620557166,"
"2643918047,"
"2642053030,"
"2646525248,"
"2642065897,"
"2643914468,"
"2583366845,"
"2637740152,"
"2646583025,"
"2633316304,"
"2642094636,"
"2631305202,"
"2620557166,"
"2652865446,"
"2643926781,"
"2652801886,"
"2642774614,"
"2583397399,"
"2652527717,"
"2642735068,"
"2639170991,"
"2625871013,"
"2596264775,"
"2642047619,"
"2625191340,"
"2652878200,"
"2642743472,"
"2637740152,"
"2646525248,"
"2646586984,"
"2593372804,"
"2651598440,"
"2633316304,"
"2642094636,"
"2631305202,"
"2620557166,"
"2652865446,"
"2643926781,"
"2652801886,"
"2642774614,"
"2583397399,"
"2652527717,"
"2642735068,"
"2639170991,"
"2625871013,"
"2596264775,"
"2642047619,"
"2625191340,"
"2652878200,"
"2642743472,"
"2637740152,"
"2646525248,"
"2646586984,"
"2593372804,"
"2651598440,"
"2642094636,"
"2631305202,"
"2620557166,"
"2652865446,"
"2643926781,"
"2652801886,"
"2642774614,"
"2652527717,"
"2642735068,"
"2625871013,"
"2596264775,"
"2642730851,"
"2642047619,"
"2642733627,"
"2642731706,"
"2625191340,"
"2601678189,"
"2642731707,"
"2642733626,"
"2652878200,"
"2642053030,"
"2640330671,"
"2642743472,"
"2593379395,"
"2637740152,"
"2633316304,"
"2642094636,"
"2631305202,"
"2620557166,"
"2652865446,"
"2643926781,"
"2652801886,"
"2642774614,"
"2583397399,"
"2652527717,"
"2642735068,"
"2639170991,"
"2625871013,"
"2642730851,"
"2596264775,"
"2642733627,"
"2642047619,"
"2642731706,"
"2625191340,"
"2642731707,"
"2601678189,"
"2642733626,"
"2652878200,"
"2642053030,"
"2640330671,"
"2631305202,"
"2637703766,"
"2642735068,"
"2642019849,"
"2652865446,"
"2642094636,"
"2620557166,"
"2633316304,"
"2642743472,"
"2652828509,"
"2652801886,"
"2642774614,"
"100,"
"2650182801,"
"2636914774,"
"2646583025,"
"2622977671,"
"2652527717,"
"2652826099,"
"2590429355,"
"2633316304,"
"2642094636,"
"2631305202,"
"2620557166,"
"2652865446,"
"2643926781,"
"2652801886,"
"2642774614,"
"2583397399,"
"2652527717,"
"2642735068,"
"2639170991,"
"2625871013,"
"2596264775,"
"2642047619,"
"2625191340,"
"2652878200,"
"2642743472,"
"2637740152,"
"2646525248,"
"2646586984,"
"2593372804,"
"2651598440,"
"2621075083,"
"2640308270,"
"2642278564,"
"2652828509,"
"2652254521,"
"2,"
"973558024,"
"2646295938,"
"2626692151,"
"2638814059,"
"2643847780,"
"2617617300,"
"2633316304,"
"2642094636,"
"2631305202,"
"2620557166,"
"2652865446,"
"2643926781,"
"2652801886,"
"2642774614,"
"2583397399,"
"2652527717,"
"2642735068,"
"2639170991,"
"2625871013,"
"2596264775,"
"2642047619,"
"2625191340,"
"2652878200,"
"2642743472,"
"2637740152,"
"2646525248,"
"2646586984,"
"2593372804,"
"2651598440,"
"2633316304,"
"2642094636,"
"2631305202,"
"2620557166,"
"2652865446,"
"2643926781,"
"2652801886,"
"2642774614,"
"2583397399,"
"2652527717,"
"2642735068,"
"2639170991,"
"2625871013,"
"2596264775,"
"2642047619,"
"2625191340,"
"2652878200,"
"2642743472,"
"2637740152,"
"2646525248,"
"2646586984,"
"2593372804,"
"2651598440,"
"2633316304,"
"2642094636,"
"2631305202,"
"2620557166,"
"2652865446,"
"2643926781,"
"2652801886,"
"2642774614,"
"2583397399,"
"2652527717,"
"2642735068,"
"2639170991,"
"2625871013,"
"2596264775,"
"2642047619,"
"2625191340,"
"2652878200,"
"2642743472,"
"2637740152,"
"2646525248,"
"2646586984,"
"2593372804,"
"2651598440,"
"2642735068,"
"2631305202,"
"2652865446,"
"2633316304,"
"2642094636,"
"2642774614,"
"2652527717,"
"2643901584,"
"2620557166,"
"2643918047,"
"2642053030,"
"2646525248,"
"2642065897,"
"2637740152,"
"2646583025,"
"2637699985,"
"2652828509,"
"2652526990,"
"1,"
"2596264775,"
"2642715085,"
"2639170991,"
"2633316304,"
"2642094636,"
"2631305202,"
"2620557166,"
"2652865446,"
"2643926781,"
"2652801886,"
"2642774614,"
"2583397399,"
"2652527717,"
"2642735068,"
"2639170991,"
"2625871013,"
"2642730851,"
"2596264775,"
"2642733627,"
"2642047619,"
"2642731706,"
"2625191340,"
"2642731707,"
"2601678189,"
"2642733626,"
"2652878200,"
"2642053030,"
"2640330671,"
"2642735068,"
"2642731706,"
"2642730851,"
"2642731707,"
"2642733626,"
"2631305202,"
"2652865446,"
"2633316304,"
"2642733627,"
"2642094636,"
"2642774614,"
"2652527717,"
"2643901584,"
"2620557166,"
"2643918047,"
"2642053030,"
"2646525248,"
"2642065897,"
"2643914468,"
"2583366845,"
"2637740152,"
"2646583025,"
"2642047619,"
"2637699985,"
"2652828509,"
"2633316304,"
"2642094636,"
"2631305202,"
"2620557166,"
"2652865446,"
"2643926781,"
"2652801886,"
"2642774614,"
"2583397399,"
"2652527717,"
"2642735068,"
"2639170991,"
"2625871013,"
"2642730851,"
"2596264775,"
"2642733627,"
"2642047619,"
"2642731706,"
"2625191340,"
"2642731707,"
"2601678189,"
"2642733626,"
"2652878200,"
"2642053030,"
"2640330671,"
"2642735068,"
"2631305202,"
"2652865446,"
"2633316304,"
"2642094636,"
"2642774614,"
"2652527717,"
"2643901584,"
"2620557166,"
"2643918047,"
"2642053030,"
"2646525248,"
"2642065897,"
"2583366845,"
"2637740152,"
"2646583025,"
"2637699985,"
"2652828509,"
"2652526990,"
"1,"
"2596264775,"
"2642715085,"
"2633316304,"
"2642094636,"
"2631305202,"
"2620557166,"
"2652865446,"
"2653043468,"
"2643926781,"
"2652801886,"
"2642774614,"
"2583397399,"
"2652527717,"
"2642735068,"
"2639170991,"
"2625871013,"
"2596264775,"
"2642047619,"
"2625191340,"
"2652878200,"
"2642743472,"
"2637740152,"
"2646525248,"
"2646586984,"
"2593372804,"
"2633316304,"
"2642094636,"
"2631305202,"
"2620557166,"
"2652865446,"
"2643926781,"
"2652801886,"
"2642774614,"
"2583397399,"
"2652527717,"
"2642735068,"
"2639170991,"
"2625871013,"
"2596264775,"
"2642047619,"
"2625191340,"
"2652878200,"
"2642743472,"
"2637740152,"
"2646525248,"
"2646586984,"
"2593372804,"
"2651598440,"
"2633316304,"
"2642094636,"
"2631305202,"
"2620557166,"
"2652865446,"
"2643926781,"
"2652801886,"
"2642774614,"
"2583397399,"
"2652527717,"
"2642735068,"
"2639170991,"
"2625871013,"
"2596264775,"
"2642047619,"
"2625191340,"
"2652878200,"
"2642743472,"
"2637740152,"
"2646525248,"
"2646586984,"
"2593372804,"
"2651598440,"
"2633316304,"
"2642094636,"
"2631305202,"
"2620557166,"
"2652865446,"
"2643926781,"
"2652801886,"
"2642774614,"
"2583397399,"
"2652527717,"
"2642735068,"
"2639170991,"
"2625871013,"
"2596264775,"
"2642047619,"
"2625191340,"
"2652878200,"
"2642743472,"
"2637740152,"
"2646525248,"
"2646586984,"
"2593372804,"
"2651598440,"
"2642735068,"
"2642731706,"
"2642730851,"
"2642731707,"
"2642733626,"
"2631305202,"
"2652865446,"
"2633316304,"
"2642733627,"
"2642094636,"
"2642774614,"
"2652527717,"
"2643901584,"
"2620557166,"
"2643918047,"
"2642053030,"
"2646525248,"
"2642065897,"
"2643914468,"
"2583366845,"
"2637740152,"
"2646583025,"
"2642047619,"
"2637699985,"
"2652828509,"
"2642735068,"
"2631305202,"
"2652865446,"
"2633316304,"
"2653043468,"
"2642094636,"
"2642774614,"
"2652527717,"
"2643901584,"
"2620557166,"
"2643918047,"
"2642053030,"
"2646525248,"
"2642065897,"
"2583366845,"
"2637740152,"
"2646583025,"
"2637699985,"
"2652828509,"
"2652526990,"
"1,"
"2596264775,"
"2642735068,"
"2642731706,"
"2642730851,"
"2642731707,"
"2642733626,"
"2631305202,"
"2652865446,"
"2633316304,"
"2642733627,"
"2642094636,"
"2642774614,"
"2652527717,"
"2643901584,"
"2620557166,"
"2643918047,"
"2642053030,"
"2646525248,"
"2642065897,"
"2643914468,"
"2583366845,"
"2637740152,"
"2646583025,"
"2642047619,"
"2637699985,"
"2652828509,"
"2646032586,"
"002,"
"2648803066,"
"2640308270,"
"2640339344,"
"2638758960,"
"2621075083,"
"2637218057,"
"2642278564,"
"2641750135,"
"2634668411,"
"1871,"
"2652252592,"
"2619417539,"
"2638624834,"
"2642735068,"
"2642731706,"
"2642730851,"
"2642731707,"
"2642733626,"
"2631305202,"
"2652865446,"
"2633316304,"
"2642733627,"
"2642094636,"
"2642774614,"
"2652527717,"
"2643901584,"
"2620557166,"
"2643918047,"
"2642053030,"
"2646525248,"
"2642065897,"
"2643914468,"
"2583366845,"
"2637740152,"
"2646583025,"
"2642735068,"
"2631305202,"
"2652865446,"
"2633316304,"
"2642094636,"
"2642774614,"
"2652527717,"
"2643901584,"
"2620557166,"
"2643918047,"
"2642053030,"
"2646525248,"
"2642065897,"
"2583366845,"
"2637740152,"
"2646583025,"
"2637699985,"
"2652828509,"
"2652526990,"
"1,"
"2596264775,"
"2642715085,"
"2642735068,"
"2642731706,"
"2642730851,"
"2642731707,"
"2642733626,"
"2631305202,"
"2652865446,"
"2633316304,"
"2642733627,"
"2642094636,"
"2642774614,"
"2652527717,"
"2643901584,"
"2620557166,"
"2643918047,"
"2642053030,"
"2646525248,"
"2642065897,"
"2643914468,"
"2583366845,"
"2637740152,"
"2646583025,"
"2642047619,"
"2637699985,"
"2652828509,"
"2633316304,"
"2642094636,"
"2631305202,"
"2620557166,"
"2652865446,"
"2643926781,"
"2652801886,"
"2642774614,"
"2583397399,"
"2652527717,"
"2642735068,"
"2639170991,"
"2625871013,"
"2596264775,"
"2642047619,"
"2625191340,"
"2652878200,"
"2642743472,"
"2637740152,"
"2646525248,"
"2646586984,"
"2593372804,"
"2651598440,"
"2633316304,"
"2642094636,"
"2631305202,"
"2620557166,"
"2652865446,"
"2643926781,"
"2652801886,"
"2642774614,"
"2583397399,"
"2652527717,"
"2642735068,"
"2639170991,"
"2625871013,"
"2642730851,"
"2596264775,"
"2642733627,"
"2642047619,"
"2642731706,"
"2625191340,"
"2642731707,"
"2601678189,"
"2642733626,"
"2652878200,"
"2642053030,"
"2640330671,"
"2631305202,"
"2637703766,"
"2642735068,"
"2642019849,"
"2652865446,"
"2642094636,"
"2620557166,"
"2633316304,"
"2642743472,"
"2652828509,"
"2652801886,"
"2642774614,"
"100,"
"2650182801,"
"2636914774,"
"2646583025,"
"2622977671,"
"2652527717,"
"2590429355,"
"2652252592,"
"2642094636,"
"2631305202,"
"2620557166,"
"2652865446,"
"2643926781,"
"2652801886,"
"2642774614,"
"2652527717,"
"2642735068,"
"2625871013,"
"2596264775,"
"2642730851,"
"2642047619,"
"2642733627,"
"2642731706,"
"2625191340,"
"2601678189,"
"2642731707,"
"2642733626,"
"2652878200,"
"2642053030,"
"2640330671,"
"2642743472,"
"2593379395,"
"2637740152,"
"2642735068,"
"2631305202,"
"2652865446,"
"2633316304,"
"2642094636,"
"2642774614,"
"2652527717,"
"2643901584,"
"2620557166,"
"2643918047,"
"2642053030,"
"2646525248,"
"2642065897,"
"2583366845,"
"2637740152,"
"2646583025,"
"2637699985,"
"2652828509,"
"2652526990,"
"1,"
"2596264775,"
"2642715085,"
"2633316304,"
"2642094636,"
"2631305202,"
"2620557166,"
"2652865446,"
"2653043468,"
"2643926781,"
"2652801886,"
"2642774614,"
"2583397399,"
"2652527717,"
"2642735068,"
"2639170991,"
"2625871013,"
"2596264775,"
"2642047619,"
"2625191340,"
"2652878200,"
"2642743472,"
"2637740152,"
"2646525248,"
"2646586984,"
"2593372804,"
"2642735068,"
"2631305202,"
"2652865446,"
"2633316304,"
"2642094636,"
"2642774614,"
"2652527717,"
"2643901584,"
"2620557166,"
"2643918047,"
"2642053030,"
"2646525248,"
"2642065897,"
"2583366845,"
"2637740152,"
"2646583025,"
"2637699985,"
"2652828509,"
"2652526990,"
"1,"
"2596264775,"
"2642715085,"
"2642735068,"
"2642731706,"
"2642730851,"
"2642731707,"
"2642733626,"
"2631305202,"
"2652865446,"
"2633316304,"
"2642733627,"
"2642094636,"
"2642774614,"
"2652527717,"
"2643901584,"
"2620557166,"
"2643918047,"
"2642053030,"
"2646525248,"
"2642065897,"
"2643914468,"
"2583366845,"
"2637740152,"
"2646583025,"
"2633316304,"
"2642094636,"
"2631305202,"
"2620557166,"
"2652865446,"
"2653043468,"
"2643926781,"
"2652801886,"
"2642774614,"
"2583397399,"
"2652527717,"
"2642735068,"
"2639170991,"
"2625871013,"
"2642730851,"
"2596264775,"
"2642733627,"
"2642047619,"
"2642731706,"
"2625191340,"
"2642731707,"
"2601678189,"
"2642733626,"
"2652878200,"
"2642053030,"
"2642735068,"
"2631305202,"
"2652865446,"
"2633316304,"
"2642094636,"
"2642774614,"
"2652527717,"
"2643901584,"
"2620557166,"
"2643918047,"
"2642053030,"
"2646525248,"
"2642065897,"
"2583366845,"
"2637740152,"
"2646583025,"
"2637699985,"
"2652828509,"
"2652526990,"
"1,"
"2596264775,"
"2642715085,"
"2633316304,"
"2642094636,"
"2631305202,"
"2620557166,"
"2652865446,"
"2643926781,"
"2652801886,"
"2642774614,"
"2583397399,"
"2652527717,"
"2642735068,"
"2639170991,"
"2625871013,"
"2596264775,"
"2642047619,"
"2625191340,"
"2652878200,"
"2642743472,"
"2637740152,"
"2646525248,"
"2646586984,"
"2593372804,"
"2651598440,"
"2633316304,"
"2642094636,"
"2631305202,"
"2620557166,"
"2652865446,"
"2643926781,"
"2652801886,"
"2642774614,"
"2583397399,"
"2652527717,"
"2642735068,"
"2639170991,"
"2625871013,"
"2596264775,"
"2642047619,"
"2625191340,"
"2652878200,"
"2642743472,"
"2637740152,"
"2646525248,"
"2646586984,"
"2593372804,"
"2651598440,"
"2633316304,"
"2642094636,"
"2631305202,"
"2620557166,"
"2652865446,"
"2643926781,"
"2652801886,"
"2642774614,"
"2583397399,"
"2652527717,"
"2642735068,"
"2639170991,"
"2625871013,"
"2596264775,"
"2642047619,"
"2625191340,"
"2652878200,"
"2642743472,"
"2637740152,"
"2646525248,"
"2646586984,"
"2593372804,"
"2651598440,"
"2642735068,"
"2631305202,"
"2652865446,"
"2653043468,"
"2642094636,"
"2642774614,"
"2652527717,"
"2643901584,"
"2643918047,"
"2646525248,"
"2620557166,"
"2642053030,"
"2652828509,"
"2637740152,"
"2642065897,"
"2646583025,"
"2651542772,"
"1,"
"2652526990,"
"2637699985,"
"2641036299,"
"2633316304,"
"2642094636,"
"2631305202,"
"2620557166,"
"2652865446,"
"2643926781,"
"2652801886,"
"2642774614,"
"2583397399,"
"2652527717,"
"2642735068,"
"2639170991,"
"2625871013,"
"2642730851,"
"2596264775,"
"2642733627,"
"2642047619,"
"2642731706,"
"2625191340,"
"2642731707,"
"2601678189,"
"2642733626,"
"2652878200,"
"2642053030,"
"2640330671,"
"2633316304,"
"2642094636,"
"2631305202,"
"2620557166,"
"2652865446,"
"2643926781,"
"2652801886,"
"2642774614,"
"2583397399,"
"2652527717,"
"2642735068,"
"2639170991,"
"2625871013,"
"2642730851,"
"2596264775,"
"2642733627,"
"2642047619,"
"2642731706,"
"2625191340,"
"2642731707,"
"2601678189,"
"2642733626,"
"2652878200,"
"2642053030,"
"2640330671,"
"2642735068,"
"2631305202,"
"2652865446,"
"2633316304,"
"2642094636,"
"2642774614,"
"2652527717,"
"2643901584,"
"2620557166,"
"2643918047,"
"2642053030,"
"2646525248,"
"2642065897,"
"2583366845,"
"2637740152,"
"2646583025,"
"2637699985,"
"2652828509,"
"2652526990,"
"1,"
"2596264775,"
"2642715085,"
"2633316304,"
"2642094636,"
"2631305202,"
"2620557166,"
"2652865446,"
"2653043468,"
"2643926781,"
"2652801886,"
"2642774614,"
"2583397399,"
"2652527717,"
"2642735068,"
"2639170991,"
"2625871013,"
"2596264775,"
"2642047619,"
"2625191340,"
"2652878200,"
"2642743472,"
"2637740152,"
"2646525248,"
"2646586984,"
"2593372804,"
"2633316304,"
"2642094636,"
"2631305202,"
"2620557166,"
"2652865446,"
"2643926781,"
"2652801886,"
"2642774614,"
"2583397399,"
"2652527717,"
"2642735068,"
"2639170991,"
"2625871013,"
"2596264775,"
"2642047619,"
"2625191340,"
"2652878200,"
"2642743472,"
"2637740152,"
"2646525248,"
"2646586984,"
"2593372804,"
"2651598440,"
"2633316304,"
"2642094636,"
"2631305202,"
"2620557166,"
"2652865446,"
"2643926781,"
"2652801886,"
"2642774614,"
"2583397399,"
"2652527717,"
"2642735068,"
"2639170991,"
"2625871013,"
"2642730851,"
"2596264775,"
"2642733627,"
"2642047619,"
"2642731706,"
"2625191340,"
"2642731707,"
"2601678189,"
"2642733626,"
"2652878200,"
"2642053030,"
"2640330671,"
"2642735068,"
"2631305202,"
"2652865446,"
"2642094636,"
"2642774614,"
"2652527717,"
"2643901584,"
"2643918047,"
"2646525248,"
"2620557166,"
"2642053030,"
"2652828509,"
"2637740152,"
"2642065897,"
"2646583025,"
"2651542772,"
"1,"
"2652526990,"
"2637699985,"
"2641036299,"
"2633316304,"
"2642094636,"
"2631305202,"
"2620557166,"
"2652865446,"
"2653043468,"
"2643926781,"
"2652801886,"
"2642774614,"
"2583397399,"
"2652527717,"
"2642735068,"
"2639170991,"
"2625871013,"
"2596264775,"
"2642047619,"
"2625191340,"
"2652878200,"
"2642743472,"
"2637740152,"
"2646525248,"
"2646586984,"
"2593372804,"
"2642735068,"
"2631305202,"
"2652865446,"
"2633316304,"
"2653043468,"
"2642094636,"
"2642774614,"
"2652527717,"
"2643901584,"
"2620557166,"
"2643918047,"
"2642053030,"
"2646525248,"
"2642065897,"
"2583366845,"
"2637740152,"
"2646583025,"
"2637699985,"
"2652828509,"
"2652526990,"
"1,"
"2596264775,"
"2642735068,"
"2631305202,"
"2652865446,"
"2633316304,"
"2642094636,"
"2642774614,"
"2652527717,"
"2643901584,"
"2620557166,"
"2643918047,"
"2642053030,"
"2646525248,"
"2642065897,"
"2583366845,"
"2637740152,"
"2646583025,"
"2637699985,"
"2652828509,"
"2652526990,"
"1,"
"2596264775,"
"2642715085,"
"2633316304,"
"2642094636,"
"2631305202,"
"2620557166,"
"2652865446,"
"2643926781,"
"2652801886,"
"2642774614,"
"2583397399,"
"2652527717,"
"2642735068,"
"2639170991,"
"2625871013,"
"2596264775,"
"2642047619,"
"2625191340,"
"2652878200,"
"2642743472,"
"2637740152,"
"2646525248,"
"2646586984,"
"2593372804,"
"2651598440,"
"2633316304,"
"2642094636,"
"2631305202,"
"2620557166,"
"2652865446,"
"2643926781,"
"2652801886,"
"2642774614,"
"2583397399,"
"2652527717,"
"2642735068,"
"2639170991,"
"2625871013,"
"2596264775,"
"2642047619,"
"2625191340,"
"2652878200,"
"2642743472,"
"2637740152,"
"2646525248,"
"2646586984,"
"2593372804,"
"2651598440,"
"2633316304,"
"2642094636,"
"2631305202,"
"2620557166,"
"2652865446,"
"2643926781,"
"2652801886,"
"2642774614,"
"2583397399,"
"2652527717,"
"2642735068,"
"2639170991,"
"2625871013,"
"2596264775,"
"2642047619,"
"2625191340,"
"2652878200,"
"2642743472,"
"2637740152,"
"2646525248,"
"2646586984,"
"2593372804,"
"2651598440,"
"2642735068,"
"2631305202,"
"2652865446,"
"2633316304,"
"2642094636,"
"2642774614,"
"2652527717,"
"2643901584,"
"2620557166,"
"2643918047,"
"2642053030,"
"2646525248,"
"2642065897,"
"2583366845,"
"2637740152,"
"2646583025,"
"2637699985,"
"2652828509,"
"2652526990,"
"1,"
"2596264775,"
"2642715085,"
"2633316304,"
"2642094636,"
"2631305202,"
"2620557166,"
"2652865446,"
"2643926781,"
"2652801886,"
"2642774614,"
"2583397399,"
"2652527717,"
"2642735068,"
"2639170991,"
"2625871013,"
"2596264775,"
"2642047619,"
"2625191340,"
"2652878200,"
"2642743472,"
"2637740152,"
"2646525248,"
"2646586984,"
"2593372804,"
"2651598440,"
"2633316304,"
"2642094636,"
"2631305202,"
"2620557166,"
"2652865446,"
"2643926781,"
"2652801886,"
"2642774614,"
"2583397399,"
"2652527717,"
"2642735068,"
"2639170991,"
"2625871013,"
"2642730851,"
"2596264775,"
"2642733627,"
"2642047619,"
"2642731706,"
"2625191340,"
"2642731707,"
"2601678189,"
"2642733626,"
"2652878200,"
"2642053030,"
"2640330671,"
"2633316304,"
"2642094636,"
"2631305202,"
"2620557166,"
"2652865446,"
"2643926781,"
"2652801886,"
"2642774614,"
"2583397399,"
"2652527717,"
"2642735068,"
"2639170991,"
"2625871013,"
"2596264775,"
"2642047619,"
"2625191340,"
"2652878200,"
"2642743472,"
"2637740152,"
"2646525248,"
"2646586984,"
"2593372804,"
"2651598440,"
"2642735068,"
"2631305202,"
"2652865446,"
"2633316304,"
"2642094636,"
"2642774614,"
"2652527717,"
"2643901584,"
"2620557166,"
"2643918047,"
"2642053030,"
"2646525248,"
"2642065897,"
"2583366845,"
"2637740152,"
"2646583025,"
"2637699985,"
"2652828509,"
"2652526990,"
"1,"
"2596264775,"
"2642715085,"
"2633316304,"
"2642094636,"
"2631305202,"
"2620557166,"
"2652865446,"
"2643926781,"
"2652801886,"
"2642774614,"
"2583397399,"
"2652527717,"
"2642735068,"
"2639170991,"
"2625871013,"
"2596264775,"
"2642047619,"
"2625191340,"
"2652878200,"
"2642743472,"
"2637740152,"
"2646525248,"
"2646586984,"
"2593372804,"
"2651598440,"
"2633316304,"
"2642094636,"
"2631305202,"
"2620557166,"
"2652865446,"
"2643926781,"
"2652801886,"
"2642774614,"
"2583397399,"
"2652527717,"
"2642735068,"
"2639170991,"
"2625871013,"
"2642730851,"
"2596264775,"
"2642733627,"
"2642047619,"
"2642731706,"
"2625191340,"
"2642731707,"
"2601678189,"
"2642733626,"
"2652878200,"
"2642053030,"
"2640330671,"
"2642094636,"
"2631305202,"
"2620557166,"
"2652865446,"
"2643926781,"
"2652801886,"
"2642774614,"
"2652527717,"
"2642735068,"
"2625871013,"
"2596264775,"
"2642730851,"
"2642047619,"
"2642733627,"
"2642731706,"
"2625191340,"
"2601678189,"
"2642731707,"
"2642733626,"
"2652878200,"
"2642053030,"
"2640330671,"
"2642743472,"
"2593379395,"
"2637740152,"
"2633316304,"
"2642094636,"
"2631305202,"
"2620557166,"
"2652865446,"
"2653043468,"
"2643926781,"
"2652801886,"
"2642774614,"
"2583397399,"
"2652527717,"
"2642735068,"
"2639170991,"
"2625871013,"
"2596264775,"
"2642047619,"
"2625191340,"
"2652878200,"
"2642743472,"
"2637740152,"
"2646525248,"
"2646586984,"
"2593372804,"
"2633316304,"
"2642094636,"
"2631305202,"
"2620557166,"
"2652865446,"
"2653043468,"
"2643926781,"
"2652801886,"
"2642774614,"
"2583397399,"
"2652527717,"
"2642735068,"
"2639170991,"
"2625871013,"
"2596264775,"
"2642047619,"
"2625191340,"
"2652878200,"
"2642743472,"
"2637740152,"
"2646525248,"
"2646586984,"
"2593372804,"
"2642094636,"
"2631305202,"
"2620557166,"
"2652865446,"
"2653043468,"
"2643926781,"
"2652801886,"
"2642774614,"
"2652527717,"
"2642735068,"
"2625871013,"
"2596264775,"
"2642047619,"
"2625191340,"
"2652878200,"
"2642743472,"
"2637740152,"
"2646525248,"
"2646586984,"
"2593372804,"
"2639177083,"
"2651598440,"
"2642735068,"
"2631305202,"
"2652865446,"
"2633316304,"
"2642094636,"
"2642774614,"
"2652527717,"
"2643901584,"
"2620557166,"
"2643918047,"
"2642053030,"
"2646525248,"
"2642065897,"
"2583366845,"
"2637740152,"
"2646583025,"
"2637699985,"
"2652828509,"
"2652526990,"
"1,"
"2596264775,"
"2642715085,"
"2642735068,"
"2631305202,"
"2652865446,"
"2633316304,"
"2642094636,"
"2642774614,"
"2652527717,"
"2643901584,"
"2620557166,"
"2643918047,"
"2642053030,"
"2646525248,"
"2642065897,"
"2583366845,"
"2637740152,"
"2646583025,"
"2637699985,"
"2652828509,"
"2652526990,"
"1,"
"2596264775,"
"2642715085,"
"2633316304,"
"2642094636,"
"2631305202,"
"2620557166,"
"2652865446,"
"2643926781,"
"2652801886,"
"2642774614,"
"2583397399,"
"2652527717,"
"2642735068,"
"2639170991,"
"2625871013,"
"2642730851,"
"2596264775,"
"2642733627,"
"2642047619,"
"2642731706,"
"2625191340,"
"2642731707,"
"2601678189,"
"2642733626,"
"2652878200,"
"2642053030,"
"2640330671,"
"2642735068,"
"2631305202,"
"2652865446,"
"2633316304,"
"2653043468,"
"2642094636,"
"2642774614,"
"2652527717,"
"2643901584,"
"2620557166,"
"2643918047,"
"2642053030,"
"2646525248,"
"2642065897,"
"2583366845,"
"2637740152,"
"2646583025,"
"2637699985,"
"2652828509,"
"2652526990,"
"1,"
"2596264775,"
"2642735068,"
"2642731706,"
"2642730851,"
"2642731707,"
"2642733626,"
"2631305202,"
"2652865446,"
"2633316304,"
"2642733627,"
"2653043468,"
"2642094636,"
"2642774614,"
"2652527717,"
"2643901584,"
"2620557166,"
"2643918047,"
"2642053030,"
"2646525248,"
"2642065897,"
"2643914468,"
"2583366845,"
"2637740152,"
"2646583025,"
"2642047619,"
"2637699985,"
"2642735068,"
"2631305202,"
"2652865446,"
"2633316304,"
"2642094636,"
"2642774614,"
"2652527717,"
"2643901584,"
"2620557166,"
"2643918047,"
"2642053030,"
"2646525248,"
"2642065897,"
"2583366845,"
"2637740152,"
"2646583025,"
"2637699985,"
"2652828509,"
"2652526990,"
"1,"
"2596264775,"
"2642715085,"
"2633316304,"
"2642094636,"
"2631305202,"
"2620557166,"
"2652865446,"
"2643926781,"
"2652801886,"
"2642774614,"
"2583397399,"
"2652527717,"
"2642735068,"
"2639170991,"
"2625871013,"
"2642730851,"
"2596264775,"
"2642733627,"
"2642047619,"
"2642731706,"
"2625191340,"
"2642731707,"
"2601678189,"
"2642733626,"
"2652878200,"
"2631305202,"
"2637703766,"
"2642735068,"
"2642019849,"
"2652865446,"
"2642094636,"
"2620557166,"
"2633316304,"
"2642743472,"
"2652828509,"
"2652801886,"
"2642774614,"
"100,"
"2650182801,"
"2636914774,"
"2646583025,"
"2622977671,"
"2652527717,"
"2652826099,"
"2590429355,"
"2642735068,"
"2642731706,"
"2642730851,"
"2642731707,"
"2642733626,"
"2642733627,"
"2631305202,"
"2652865446,"
"2642094636,"
"2642774614,"
"2652527717,"
"2643901584,"
"2643918047,"
"2646525248,"
"2620557166,"
"2642053030,"
"2652828509,"
"2637740152,"
"2642065897,"
"2646583025,"
"2651542772,"
"1,"
"2633316304,"
"2642094636,"
"2631305202,"
"2620557166,"
"2652865446,"
"2643926781,"
"2652801886,"
"2642774614,"
"2583397399,"
"2652527717,"
"2642735068,"
"2639170991,"
"2625871013,"
"2596264775,"
"2642047619,"
"2625191340,"
"2652878200,"
"2642743472,"
"2637740152,"
"2646525248,"
"2646586984,"
"2593372804,"
"2651598440,"
"2633316304,"
"2642094636,"
"2631305202,"
"2620557166,"
"2652865446,"
"2643926781,"
"2652801886,"
"2642774614,"
"2583397399,"
"2652527717,"
"2642735068,"
"2639170991,"
"2625871013,"
"2642730851,"
"2596264775,"
"2642733627,"
"2642047619,"
"2642731706,"
"2625191340,"
"2642731707,"
"2601678189,"
"2642733626,"
"2652878200,"
"2642053030,"
"2640330671,"
"2642094636,"
"2631305202,"
"2620557166,"
"2652865446,"
"2643926781,"
"2652801886,"
"2642774614,"
"2652527717,"
"2642735068,"
"2625871013,"
"2596264775,"
"2642730851,"
"2642047619,"
"2642733627,"
"2642731706,"
"2625191340,"
"2601678189,"
"2642731707,"
"2642733626,"
"2652878200,"
"2642053030,"
"2640330671,"
"2642743472,"
"2593379395,"
"2637740152,"
"2642094636,"
"2631305202,"
"2620557166,"
"2652865446,"
"2643926781,"
"2652801886,"
"2642774614,"
"2652527717,"
"2642735068,"
"2625871013,"
"2596264775,"
"2642047619,"
"2625191340,"
"2652878200,"
"2642743472,"
"2637740152,"
"2646525248,"
"2646586984,"
"2593372804,"
"2639177083,"
"2651598440,"
"2622977671,"
"2642094636,"
"2631305202,"
"2620557166,"
"2652865446,"
"2643926781,"
"2652801886,"
"2642774614,"
"2652527717,"
"2642735068,"
"2625871013,"
"2596264775,"
"2642730851,"
"2642047619,"
"2642733627,"
"2642731706,"
"2625191340,"
"2601678189,"
"2642731707,"
"2642733626,"
"2652878200,"
"2642053030,"
"2640330671,"
"2642743472,"
"2633316304,"
"2642094636,"
"2631305202,"
"2620557166,"
"2652865446,"
"2643926781,"
"2652801886,"
"2642774614,"
"2583397399,"
"2652527717,"
"2642735068,"
"2639170991,"
"2625871013,"
"2596264775,"
"2642047619,"
"2625191340,"
"2652878200,"
"2642743472,"
"2637740152,"
"2646525248,"
"2646586984,"
"2593372804,"
"2651598440,"
"2642735068,"
"2631305202,"
"2652865446,"
"2633316304,"
"2642094636,"
"2642774614,"
"2652527717,"
"2643901584,"
"2620557166,"
"2643918047,"
"2642053030,"
"2646525248,"
"2642065897,"
"2583366845,"
"2637740152,"
"2646583025,"
"2637699985,"
"2652828509,"
"2652526990,"
"1,"
"2596264775,"
"2642715085,"
"2637235254,"
"2642407498,"
"2626982891,"
"2640113574,"
"2596264874,"
"2652561781,"
"2615588793,"
"2648488551,"
"2641043184,"
"2642065020,"
"2631645137,"
"2646196242,"
"2646285636,"
"2619827707,"
"2646696931,"
"2619824682,"
"2632356492,"
"2635018113,"
"2640446846,"
"2640579798,"
"2646047947,"
"2644824011,"
"2638980380,"
"2643722581,"
"2642735068,"
"2631305202,"
"2652865446,"
"2633316304,"
"2642094636,"
"2642774614,"
"2652527717,"
"2643901584,"
"2620557166,"
"2643918047,"
"2642053030,"
"2646525248,"
"2642065897,"
"2583366845,"
"2637740152,"
"2646583025,"
"2637699985,"
"2652828509,"
"2652526990,"
"1,"
"2596264775,"
"2642715085,"
"2642735068,"
"2631305202,"
"2652865446,"
"2642094636,"
"2642774614,"
"2652527717,"
"2643901584,"
"2643918047,"
"2646525248,"
"2620557166,"
"2642053030,"
"2652828509,"
"2637740152,"
"2642065897,"
"2646583025,"
"2651542772,"
"1,"
"2652526990,"
"2637699985,"
"2641036299,"
"2633316304,"
"2642094636,"
"2631305202,"
"2620557166,"
"2652865446,"
"2643926781,"
"2652801886,"
"2642774614,"
"2583397399,"
"2652527717,"
"2642735068,"
"2639170991,"
"2625871013,"
"2596264775,"
"2642047619,"
"2625191340,"
"2652878200,"
"2642743472,"
"2637740152,"
"2646525248,"
"2646586984,"
"2593372804,"
"2651598440,"
"2633316304,"
"2642094636,"
"2631305202,"
"2620557166,"
"2652865446,"
"2643926781,"
"2652801886,"
"2642774614,"
"2583397399,"
"2652527717,"
"2642735068,"
"2639170991,"
"2625871013,"
"2596264775,"
"2642047619,"
"2625191340,"
"2652878200,"
"2642743472,"
"2637740152,"
"2646525248,"
"2646586984,"
"2593372804,"
"2651598440,"
"2642735068,"
"2631305202,"
"2652865446,"
"2633316304,"
"2653043468,"
"2642094636,"
"2642774614,"
"2652527717,"
"2643901584,"
"2620557166,"
"2643918047,"
"2642053030,"
"2646525248,"
"2642065897,"
"2583366845,"
"2637740152,"
"2646583025,"
"2637699985,"
"2652828509,"
"2652526990,"
"1,"
"2596264775,"
"2642735068,"
"2642731706,"
"2642730851,"
"2642731707,"
"2642733626,"
"2631305202,"
"2652865446,"
"2633316304,"
"2642733627,"
"2653043468,"
"2642094636,"
"2642774614,"
"2652527717,"
"2643901584,"
"2620557166,"
"2643918047,"
"2642053030,"
"2646525248,"
"2642065897,"
"2643914468,"
"2583366845,"
"2637740152,"
"2642735068,"
"2631305202,"
"2652865446,"
"2633316304,"
"2642094636,"
"2642774614,"
"2652527717,"
"2643901584,"
"2620557166,"
"2643918047,"
"2642053030,"
"2646525248,"
"2642065897,"
"2583366845,"
"2637740152,"
"2646583025,"
"2637699985,"
"2652828509,"
"2652526990,"
"1,"
"2596264775,"
"2642715085,"
"2642094636,"
"2631305202,"
"2620557166,"
"2652865446,"
"2643926781,"
"2652801886,"
"2642774614,"
"2652527717,"
"2642735068,"
"2625871013,"
"2596264775,"
"2642047619,"
"2625191340,"
"2652878200,"
"2642743472,"
"2637740152,"
"2646525248,"
"2646586984,"
"2593372804,"
"2639177083,"
"2651598440,"
"2622977671,"
"2642735068,"
"2631305202,"
"2652865446,"
"2633316304,"
"2642094636,"
"2642774614,"
"2652527717,"
"2643901584,"
"2620557166,"
"2643918047,"
"2642053030,"
"2646525248,"
"2642065897,"
"2583366845,"
"2637740152,"
"2646583025,"
"2637699985,"
"2652828509,"
"2652526990,"
"1,"
"2596264775,"
"2642715085,"
"2633316304,"
"2642094636,"
"2631305202,"
"2620557166,"
"2652865446,"
"2643926781,"
"2652801886,"
"2642774614,"
"2583397399,"
"2652527717,"
"2642735068,"
"2639170991,"
"2625871013,"
"2642730851,"
"2596264775,"
"2642733627,"
"2642047619,"
"2642731706,"
"2625191340,"
"2642731707,"
"2601678189,"
"2642733626,"
"2652878200,"
"2642053030,"
"2640330671,"
"2633316304,"
"2642094636,"
"2631305202,"
"2620557166,"
"2652865446,"
"2643926781,"
"2652801886,"
"2642774614,"
"2583397399,"
"2652527717,"
"2642735068,"
"2639170991,"
"2625871013,"
"2642730851,"
"2596264775,"
"2642733627,"
"2642047619,"
"2642731706,"
"2625191340,"
"2642731707,"
"2601678189,"
"2642733626,"
"2652878200,"
"2642053030,"
"2640330671,"
"2642735068,"
"2631305202,"
"2652865446,"
"2633316304,"
"2642094636,"
"2642774614,"
"2652527717,"
"2643901584,"
"2620557166,"
"2643918047,"
"2642053030,"
"2646525248,"
"2642065897,"
"2583366845,"
"2637740152,"
"2646583025,"
"2637699985,"
"2652828509,"
"2652526990,"
"1,"
"2596264775,"
"2642715085,"
"2633316304,"
"2642094636,"
"2631305202,"
"2620557166,"
"2652865446,"
"2643926781,"
"2652801886,"
"2642774614,"
"2583397399,"
"2652527717,"
"2642735068,"
"2639170991,"
"2625871013,"
"2596264775,"
"2642047619,"
"2625191340,"
"2652878200,"
"2642743472,"
"2637740152,"
"2646525248,"
"2646586984,"
"2593372804,"
"2651598440,"
"2633316304,"
"2642094636,"
"2631305202,"
"2620557166,"
"2652865446,"
"2643926781,"
"2652801886,"
"2642774614,"
"2583397399,"
"2652527717,"
"2642735068,"
"2639170991,"
"2625871013,"
"2596264775,"
"2642047619,"
"2625191340,"
"2652878200,"
"2642743472,"
"2637740152,"
"2646525248,"
"2646586984,"
"2593372804,"
"2651598440,"
"2631305202,"
"2637703766,"
"2642735068,"
"2652865446,"
"2642019849,"
"2642094636,"
"2620557166,"
"100,"
"2642743472,"
"2646583025,"
"2652527717,"
"2652801886,"
"2636914774,"
"2642774614,"
"2652828509,"
"2652878200,"
"2622977671,"
"2615525863,"
"2631367367,"
"2642735068,"
"2642731706,"
"2642730851,"
"2642731707,"
"2642733626,"
"2631305202,"
"2652865446,"
"2633316304,"
"2642733627,"
"2642094636,"
"2642774614,"
"2652527717,"
"2643901584,"
"2620557166,"
"2643918047,"
"2642053030,"
"2646525248,"
"2642065897,"
"2643914468,"
"2583366845,"
"2637740152,"
"2646583025,"
"2642047619,"
"2637699985,"
"2652828509,"
"2633316304,"
"2642094636,"
"2631305202,"
"2620557166,"
"2652865446,"
"2643926781,"
"2652801886,"
"2642774614,"
"2583397399,"
"2652527717,"
"2642735068,"
"2639170991,"
"2625871013,"
"2596264775,"
"2642047619,"
"2625191340,"
"2652878200,"
"2642743472,"
"2637740152,"
"2646525248,"
"2646586984,"
"2593372804,"
"2651598440,"
"2642735068,"
"2631305202,"
"2652865446,"
"2633316304,"
"2642094636,"
"2642774614,"
"2652527717,"
"2643901584,"
"2620557166,"
"2643918047,"
"2642053030,"
"2646525248,"
"2642065897,"
"2583366845,"
"2637740152,"
"2646583025,"
"2637699985,"
"2652828509,"
"2652526990,"
"1,"
"2596264775,"
"2642715085,"
"2633316304,"
"2642094636,"
"2631305202,"
"2620557166,"
"2652865446,"
"2643926781,"
"2652801886,"
"2642774614,"
"2583397399,"
"2652527717,"
"2642735068,"
"2639170991,"
"2625871013,"
"2596264775,"
"2642047619,"
"2625191340,"
"2652878200,"
"2642743472,"
"2637740152,"
"2646525248,"
"2646586984,"
"2593372804,"
"2651598440,"
"2642094636,"
"2631305202,"
"2620557166,"
"2652865446,"
"2643926781,"
"2652801886,"
"2642774614,"
"2652527717,"
"2642735068,"
"2625871013,"
"2596264775,"
"2642047619,"
"2625191340,"
"2652878200,"
"2642743472,"
"2637740152,"
"2646525248,"
"2646586984,"
"2593372804,"
"2639177083,"
"2651598440,"
"2622977671,"
"2633316304,"
"2642094636,"
"2631305202,"
"2620557166,"
"2652865446,"
"2643926781,"
"2652801886,"
"2642774614,"
"2583397399,"
"2652527717,"
"2642735068,"
"2639170991,"
"2625871013,"
"2596264775,"
"2642047619,"
"2625191340,"
"2652878200,"
"2642743472,"
"2637740152,"
"2646525248,"
"2646586984,"
"2593372804,"
"2651598440,"
"2642094636,"
"2631305202,"
"2620557166,"
"2652865446,"
"2643926781,"
"2652801886,"
"2642774614,"
"2652527717,"
"2642735068,"
"2625871013,"
"2596264775,"
"2642047619,"
"2625191340,"
"2652878200,"
"2642743472,"
"2637740152,"
"2646525248,"
"2646586984,"
"2593372804,"
"2639177083,"
"2651598440,"
"2622977671,"
"2642735068,"
"2642731706,"
"2642730851,"
"2642731707,"
"2642733626,"
"2631305202,"
"2652865446,"
"2633316304,"
"2642733627,"
"2653043468,"
"2642094636,"
"2642774614,"
"2652527717,"
"2643901584,"
"2620557166,"
"2643918047,"
"2642053030,"
"2646525248,"
"2642065897,"
"2643914468,"
"2583366845,"
"2637740152,"
"2633316304,"
"2642094636,"
"2631305202,"
"2620557166,"
"2652865446,"
"2653043468,"
"2643926781,"
"2652801886,"
"2642774614,"
"2583397399,"
"2652527717,"
"2642735068,"
"2639170991,"
"2625871013,"
"2642730851,"
"2596264775,"
"2642733627,"
"2642047619,"
"2642731706,"
"2625191340,"
"2642731707,"
"2601678189,"
"2642733626,"
"2652878200,"
"2642053030,"
"2642735068,"
"2642731706,"
"2642730851,"
"2642731707,"
"2642733626,"
"2642733627,"
"2631305202,"
"2652865446,"
"2642094636,"
"2642774614,"
"2652527717,"
"2643901584,"
"2643918047,"
"2646525248,"
"2620557166,"
"2642053030,"
"2652828509,"
"2637740152,"
"2642065897,"
"2646583025,"
"2651542772,"
"1,"
"2642735068,"
"2642731706,"
"2642730851,"
"2642731707,"
"2642733626,"
"2642733627,"
"2631305202,"
"2652865446,"
"2642094636,"
"2642774614,"
"2652527717,"
"2643901584,"
"2643918047,"
"2646525248,"
"2620557166,"
"2642053030,"
"2652828509,"
"2637740152,"
"2642065897,"
"2646583025,"
"2651542772,"
"1,"
"2642735068,"
"2642731706,"
"2642730851,"
"2642731707,"
"2642733626,"
"2631305202,"
"2652865446,"
"2633316304,"
"2642733627,"
"2642094636,"
"2642774614,"
"2652527717,"
"2643901584,"
"2620557166,"
"2643918047,"
"2642053030,"
"2646525248,"
"2642065897,"
"2643914468,"
"2583366845,"
"2637740152,"
"2646583025,"
"2642047619,"
"2637699985,"
"2652828509,"
"2642735068,"
"2642731706,"
"2642730851,"
"2642731707,"
"2642733626,"
"2631305202,"
"2652865446,"
"2633316304,"
"2642733627,"
"2642094636,"
"2642774614,"
"2652527717,"
"2643901584,"
"2620557166,"
"2643918047,"
"2642053030,"
"2646525248,"
"2642065897,"
"2643914468,"
"2583366845,"
"2637740152,"
"2646583025,"
"2642047619,"
"2637699985,"
"2652828509,"
"2633316304,"
"2642094636,"
"2631305202,"
"2620557166,"
"2652865446,"
"2643926781,"
"2652801886,"
"2642774614,"
"2583397399,"
"2652527717,"
"2642735068,"
"2639170991,"
"2625871013,"
"2596264775,"
"2642047619,"
"2625191340,"
"2652878200,"
"2642743472,"
"2637740152,"
"2646525248,"
"2646586984,"
"2593372804,"
"2651598440,"
"2642735068,"
"2642731706,"
"2642730851,"
"2642731707,"
"2642733626,"
"2631305202,"
"2652865446,"
"2633316304,"
"2642733627,"
"2642094636,"
"2642774614,"
"2652527717,"
"2643901584,"
"2620557166,"
"2643918047,"
"2642053030,"
"2646525248,"
"2642065897,"
"2643914468,"
"2583366845,"
"2637740152,"
"2646583025,"
"2642047619,"
"2637699985,"
"2652828509,"
"2648942523,"
"2652252592,"
"2617617300,"
"002,"
"2638758960,"
"2616999094,"
"2638814059,"
"2648531210,"
"2638918017,"
"2652826099,"
"100,"
"2651080155,"
"2651081036,"
"2640308270,"
"2642735068,"
"2642731706,"
"2642730851,"
"2642731707,"
"2642733626,"
"2631305202,"
"2652865446,"
"2633316304,"
"2642733627,"
"2653043468,"
"2642094636,"
"2642774614,"
"2652527717,"
"2643901584,"
"2620557166,"
"2643918047,"
"2642053030,"
"2646525248,"
"2642065897,"
"2643914468,"
"2583366845,"
"2637740152,"
"2646583025,"
"2642047619,"
"2637699985,"
"2642735068,"
"2631305202,"
"2652865446,"
"2642094636,"
"2642774614,"
"2652527717,"
"2643901584,"
"2643918047,"
"2646525248,"
"2620557166,"
"2642053030,"
"2652828509,"
"2637740152,"
"2642065897,"
"2646583025,"
"2651542772,"
"1,"
"2652526990,"
"2637699985,"
"2641036299,"
"2642094636,"
"2631305202,"
"2620557166,"
"2652865446,"
"2643926781,"
"2652801886,"
"2642774614,"
"2652527717,"
"2642735068,"
"2625871013,"
"2596264775,"
"2642730851,"
"2642047619,"
"2642733627,"
"2642731706,"
"2625191340,"
"2601678189,"
"2642731707,"
"2642733626,"
"2652878200,"
"2642053030,"
"2640330671,"
"2642743472,"
"2593379395,"
"2637740152,"
"2642735068,"
"2631305202,"
"2652865446,"
"2633316304,"
"2642094636,"
"2642774614,"
"2652527717,"
"2643901584,"
"2620557166,"
"2643918047,"
"2642053030,"
"2646525248,"
"2642065897,"
"2583366845,"
"2637740152,"
"2646583025,"
"2637699985,"
"2652828509,"
"2652526990,"
"1,"
"2596264775,"
"2642715085,"
"2642735068,"
"2631305202,"
"2652865446,"
"2633316304,"
"2642094636,"
"2642774614,"
"2652527717,"
"2643901584,"
"2620557166,"
"2643918047,"
"2642053030,"
"2646525248,"
"2642065897,"
"2583366845,"
"2637740152,"
"2646583025,"
"2637699985,"
"2652828509,"
"2652526990,"
"1,"
"2596264775,"
"2642715085,"
"2642735068,"
"2631305202,"
"2652865446,"
"2633316304,"
"2642094636,"
"2642774614,"
"2652527717,"
"2643901584,"
"2620557166,"
"2643918047,"
"2642053030,"
"2646525248,"
"2642065897,"
"2583366845,"
"2637740152,"
"2646583025,"
"2637699985,"
"2652828509,"
"2652526990,"
"1,"
"2596264775,"
"2642715085,"
"2642735068,"
"2631305202,"
"2652865446,"
"2633316304,"
"2653043468,"
"2642094636,"
"2642774614,"
"2652527717,"
"2643901584,"
"2620557166,"
"2643918047,"
"2642053030,"
"2646525248,"
"2642065897,"
"2583366845,"
"2637740152,"
"2646583025,"
"2637699985,"
"2652828509,"
"2652526990,"
"1,"
"2596264775,"
"2633316304,"
"2642094636,"
"2631305202,"
"2620557166,"
"2652865446,"
"2653043468,"
"2643926781,"
"2652801886,"
"2642774614,"
"2583397399,"
"2652527717,"
"2642735068,"
"2639170991,"
"2625871013,"
"2596264775,"
"2642047619,"
"2625191340,"
"2652878200,"
"2642743472,"
"2637740152,"
"2646525248,"
"2646586984,"
"2593372804,"
"2633316304,"
"2642094636,"
"2631305202,"
"2620557166,"
"2652865446,"
"2653043468,"
"2643926781,"
"2652801886,"
"2642774614,"
"2583397399,"
"2652527717,"
"2642735068,"
"2639170991,"
"2625871013,"
"2642730851,"
"2596264775,"
"2642733627,"
"2642047619,"
"2642731706,"
"2625191340,"
"2642731707,"
"2601678189,"
"2642733626,"
"2652878200,"
"2642053030,"
"2633316304,"
"2642094636,"
"2631305202,"
"2620557166,"
"2652865446,"
"2643926781,"
"2652801886,"
"2642774614,"
"2583397399,"
"2652527717,"
"2642735068,"
"2639170991,"
"2625871013,"
"2596264775,"
"2642047619,"
"2625191340,"
"2652878200,"
"2642743472,"
"2637740152,"
"2646525248,"
"2646586984,"
"2593372804,"
"2651598440,"
"2633316304,"
"2642094636,"
"2631305202,"
"2620557166,"
"2652865446,"
"2653043468,"
"2643926781,"
"2652801886,"
"2642774614,"
"2583397399,"
"2652527717,"
"2642735068,"
"2639170991,"
"2625871013,"
"2596264775,"
"2642047619,"
"2625191340,"
"2652878200,"
"2642743472,"
"2637740152,"
"2646525248,"
"2646586984,"
"2593372804,"
"2633316304,"
"2642094636,"
"2631305202,"
"2620557166,"
"2652865446,"
"2643926781,"
"2652801886,"
"2642774614,"
"2583397399,"
"2652527717,"
"2642735068,"
"2639170991,"
"2625871013,"
"2642730851,"
"2596264775,"
"2642733627,"
"2642047619,"
"2642731706,"
"2625191340,"
"2642731707,"
"2601678189,"
"2642733626,"
"2652878200,"
"2642053030,"
"2640330671,"
"2642735068,"
"2631305202,"
"2652865446,"
"2633316304,"
"2642094636,"
"2642774614,"
"2652527717,"
"2643901584,"
"2620557166,"
"2643918047,"
"2642053030,"
"2646525248,"
"2642065897,"
"2583366845,"
"2637740152,"
"2646583025,"
"2637699985,"
"2652828509,"
"2652526990,"
"1,"
"2596264775,"
"2642715085,"
"2642735068,"
"2631305202,"
"2652865446,"
"2633316304,"
"2642094636,"
"2642774614,"
"2652527717,"
"2643901584,"
"2620557166,"
"2643918047,"
"2642053030,"
"2646525248,"
"2642065897,"
"2583366845,"
"2637740152,"
"2646583025,"
"2637699985,"
"2652828509,"
"2652526990,"
"1,"
"2596264775,"
"2642715085,"
"2617617300,"
"2639259938,"
"2638918017,"
"2641438554,"
"2640308270,"
"2646295938,"
"3,"
"2642278564,"
"2639580087,"
"2643023478,"
"2642853846,"
"2641750135,"
"2625886974,"
"2652252592,"
"2652828509,"
"2642735068,"
"2631305202,"
"2652865446,"
"2633316304,"
"2642094636,"
"2642774614,"
"2652527717,"
"2643901584,"
"2620557166,"
"2643918047,"
"2642053030,"
"2646525248,"
"2642065897,"
"2583366845,"
"2637740152,"
"2646583025,"
"2637699985,"
"2652828509,"
"2652526990,"
"1,"
"2596264775,"
"2642715085,"
"2633316304,"
"2642094636,"
"2631305202,"
"2620557166,"
"2652865446,"
"2643926781,"
"2652801886,"
"2642774614,"
"2583397399,"
"2652527717,"
"2642735068,"
"2639170991,"
"2625871013,"
"2596264775,"
"2642047619,"
"2625191340,"
"2652878200,"
"2642743472,"
"2637740152,"
"2646525248,"
"2646586984,"
"2593372804,"
"2651598440,"
"2642735068,"
"2631305202,"
"2652865446,"
"2633316304,"
"2642094636,"
"2642774614,"
"2652527717,"
"2643901584,"
"2620557166,"
"2643918047,"
"2642053030,"
"2646525248,"
"2642065897,"
"2583366845,"
"2637740152,"
"2646583025,"
"2637699985,"
"2652828509,"
"2652526990,"
"1,"
"2596264775,"
"2642715085,"
"2633316304,"
"2642094636,"
"2631305202,"
"2620557166,"
"2652865446,"
"2643926781,"
"2652801886,"
"2642774614,"
"2583397399,"
"2652527717,"
"2642735068,"
"2639170991,"
"2625871013,"
"2642730851,"
"2596264775,"
"2642733627,"
"2642047619,"
"2642731706,"
"2625191340,"
"2642731707,"
"2601678189,"
"2642733626,"
"2652878200,"
"2642735068,"
"2631305202,"
"2652865446,"
"2633316304,"
"2653043468,"
"2642094636,"
"2642774614,"
"2652527717,"
"2643901584,"
"2620557166,"
"2643918047,"
"2642053030,"
"2646525248,"
"2642065897,"
"2583366845,"
"2637740152,"
"2646583025,"
"2637699985,"
"2652828509,"
"2652526990,"
"1,"
"2596264775,"
"2631305202,"
"2653043468,"
"2637703766,"
"2642735068,"
"2642019849,"
"2652865446,"
"2642094636,"
"2620557166,"
"2633316304,"
"2642743472,"
"2652828509,"
"2652801886,"
"2642774614,"
"100,"
"2650182801,"
"2636914774,"
"2646583025,"
"2622977671,"
"2652527717,"
"2590429355,"
"2631305202,"
"2637703766,"
"2642735068,"
"2642019849,"
"2652865446,"
"2642094636,"
"2620557166,"
"2633316304,"
"2642743472,"
"2652828509,"
"2652801886,"
"2642774614,"
"100,"
"2650182801,"
"2636914774,"
"2646583025,"
"2622977671,"
"2652527717,"
"2590429355,"
"2652252592,"
"2633316304,"
"2642094636,"
"2631305202,"
"2620557166,"
"2652865446,"
"2643926781,"
"2652801886,"
"2642774614,"
"2583397399,"
"2652527717,"
"2642735068,"
"2639170991,"
"2625871013,"
"2596264775,"
"2642047619,"
"2625191340,"
"2652878200,"
"2642743472,"
"2637740152,"
"2646525248,"
"2646586984,"
"2593372804,"
"2651598440,"
"2633316304,"
"2642094636,"
"2631305202,"
"2620557166,"
"2652865446,"
"2643926781,"
"2652801886,"
"2642774614,"
"2583397399,"
"2652527717,"
"2642735068,"
"2639170991,"
"2625871013,"
"2596264775,"
"2642047619,"
"2625191340,"
"2652878200,"
"2642743472,"
"2637740152,"
"2646525248,"
"2646586984,"
"2593372804,"
"2651598440,"
"2642735068,"
"2642731706,"
"2642730851,"
"2642731707,"
"2642733626,"
"2631305202,"
"2652865446,"
"2633316304,"
"2642733627,"
"2642094636,"
"2642774614,"
"2652527717,"
"2643901584,"
"2620557166,"
"2643918047,"
"2642053030,"
"2646525248,"
"2642065897,"
"2643914468,"
"2583366845,"
"2637740152,"
"2646583025,"
"2642735068,"
"2642731706,"
"2642730851,"
"2642731707,"
"2642733626,"
"2631305202,"
"2652865446,"
"2633316304,"
"2642733627,"
"2642094636,"
"2642774614,"
"2652527717,"
"2643901584,"
"2620557166,"
"2643918047,"
"2642053030,"
"2646525248,"
"2642065897,"
"2643914468,"
"2583366845,"
"2637740152,"
"2646583025,"
"2642047619,"
"2637699985,"
"2652828509,"
"2642735068,"
"2631305202,"
"2652865446,"
"2642094636,"
"2642774614,"
"2652527717,"
"2643901584,"
"2643918047,"
"2646525248,"
"2620557166,"
"2642053030,"
"2652828509,"
"2637740152,"
"2642065897,"
"2646583025,"
"2651542772,"
"1,"
"2652526990,"
"2637699985,"
"2641036299,"
"2642094636,"
"2631305202,"
"2620557166,"
"2652865446,"
"2643926781,"
"2652801886,"
"2642774614,"
"2652527717,"
"2642735068,"
"2625871013,"
"2596264775,"
"2642730851,"
"2642047619,"
"2642733627,"
"2642731706,"
"2625191340,"
"2601678189,"
"2642731707,"
"2642733626,"
"2652878200,"
"2642053030,"
"2640330671,"
"2642743472,"
"2593379395,"
"2637740152,"
"2642735068,"
"2642731706,"
"2642730851,"
"2642731707,"
"2642733626,"
"2631305202,"
"2652865446,"
"2633316304,"
"2642733627,"
"2642094636,"
"2642774614,"
"2652527717,"
"2643901584,"
"2620557166,"
"2643918047,"
"2642053030,"
"2646525248,"
"2642065897,"
"2643914468,"
"2583366845,"
"2637740152,"
"2646583025,"
"2642047619,"
"2637699985,"
"2652828509,"
"2633316304,"
"2642094636,"
"2631305202,"
"2620557166,"
"2652865446,"
"2653043468,"
"2643926781,"
"2652801886,"
"2642774614,"
"2583397399,"
"2652527717,"
"2642735068,"
"2639170991,"
"2625871013,"
"2642730851,"
"2596264775,"
"2642733627,"
"2642047619,"
"2642731706,"
"2625191340,"
"2642731707,"
"2601678189,"
"2642733626,"
"2652878200,"
"2642053030,"
"2633316304,"
"2642094636,"
"2631305202,"
"2620557166,"
"2652865446,"
"2643926781,"
"2652801886,"
"2642774614,"
"2583397399,"
"2652527717,"
"2642735068,"
"2639170991,"
"2625871013,"
"2596264775,"
"2642047619,"
"2625191340,"
"2652878200,"
"2642743472,"
"2637740152,"
"2646525248,"
"2646586984,"
"2593372804,"
"2651598440,"
"2633316304,"
"2642094636,"
"2631305202,"
"2620557166,"
"2652865446,"
"2643926781,"
"2652801886,"
"2642774614,"
"2583397399,"
"2652527717,"
"2642735068,"
"2639170991,"
"2625871013,"
"2596264775,"
"2642047619,"
"2625191340,"
"2652878200,"
"2642743472,"
"2637740152,"
"2646525248,"
"2646586984,"
"2593372804,"
"2651598440,"
"2642735068,"
"2631305202,"
"2652865446,"
"2642094636,"
"2642774614,"
"2652527717,"
"2643901584,"
"2643918047,"
"2646525248,"
"2620557166,"
"2642053030,"
"2652828509,"
"2637740152,"
"2642065897,"
"2646583025,"
"2651542772,"
"1,"
"2652526990,"
"2637699985,"
"2641036299,"
"2642735068,"
"2631305202,"
"2652865446,"
"2633316304,"
"2642094636,"
"2642774614,"
"2652527717,"
"2643901584,"
"2620557166,"
"2643918047,"
"2642053030,"
"2646525248,"
"2642065897,"
"2583366845,"
"2637740152,"
"2646583025,"
"2637699985,"
"2652828509,"
"2652526990,"
"1,"
"2596264775,"
"2642715085,"
"2633316304,"
"2642094636,"
"2631305202,"
"2620557166,"
"2652865446,"
"2643926781,"
"2652801886,"
"2642774614,"
"2583397399,"
"2652527717,"
"2642735068,"
"2639170991,"
"2625871013,"
"2596264775,"
"2642047619,"
"2625191340,"
"2652878200,"
"2642743472,"
"2637740152,"
"2646525248,"
"2646586984,"
"2593372804,"
"2651598440,"
"2631305202,"
"2637703766,"
"2642735068,"
"2642019849,"
"2652865446,"
"2642094636,"
"2620557166,"
"2633316304,"
"2642743472,"
"2652828509,"
"2652801886,"
"2642774614,"
"100,"
"2650182801,"
"2636914774,"
"2646583025,"
"2622977671,"
"2652527717,"
"2652826099,"
"2590429355,"
"2642735068,"
"2631305202,"
"2652865446,"
"2633316304,"
"2642094636,"
"2642774614,"
"2652527717,"
"2643901584,"
"2620557166,"
"2643918047,"
"2642053030,"
"2646525248,"
"2642065897,"
"2583366845,"
"2637740152,"
"2646583025,"
"2637699985,"
"2652828509,"
"2652526990,"
"1,"
"2596264775,"
"2642715085,"
"2631305202,"
"2653043468,"
"2637703766,"
"2642735068,"
"2642019849,"
"2652865446,"
"2642094636,"
"2620557166,"
"2633316304,"
"2642743472,"
"2652828509,"
"2652801886,"
"2642774614,"
"100,"
"2650182801,"
"2636914774,"
"2646583025,"
"2622977671,"
"2652527717,"
"2590429355,"
"2633316304,"
"2642094636,"
"2631305202,"
"2620557166,"
"2652865446,"
"2653043468,"
"2643926781,"
"2652801886,"
"2642774614,"
"2583397399,"
"2652527717,"
"2642735068,"
"2639170991,"
"2625871013,"
"2642730851,"
"2596264775,"
"2642733627,"
"2642047619,"
"2642731706,"
"2625191340,"
"2642731707,"
"2601678189,"
"2642733626,"
"2652878200,"
"2642053030,"
"2633316304,"
"2642094636,"
"2631305202,"
"2620557166,"
"2652865446,"
"2643926781,"
"2652801886,"
"2642774614,"
"2583397399,"
"2652527717,"
"2642735068,"
"2639170991,"
"2625871013,"
"2596264775,"
"2642047619,"
"2625191340,"
"2652878200,"
"2642743472,"
"2637740152,"
"2646525248,"
"2646586984,"
"2593372804,"
"2651598440,"
"2633316304,"
"2642094636,"
"2631305202,"
"2620557166,"
"2652865446,"
"2653043468,"
"2643926781,"
"2652801886,"
"2642774614,"
"2583397399,"
"2652527717,"
"2642735068,"
"2639170991,"
"2625871013,"
"2642730851,"
"2596264775,"
"2642733627,"
"2642047619,"
"2642731706,"
"2625191340,"
"2642731707,"
"2601678189,"
"2642733626,"
"2652878200,"
"2642053030,"
"2633316304,"
"2642094636,"
"2631305202,"
"2620557166,"
"2652865446,"
"2643926781,"
"2652801886,"
"2642774614,"
"2583397399,"
"2652527717,"
"2642735068,"
"2639170991,"
"2625871013,"
"2642730851,"
"2596264775,"
"2642733627,"
"2642047619,"
"2642731706,"
"2625191340,"
"2642731707,"
"2601678189,"
"2642733626,"
"2652878200,"
"2633316304,"
"2642094636,"
"2631305202,"
"2620557166,"
"2652865446,"
"2643926781,"
"2652801886,"
"2642774614,"
"2583397399,"
"2652527717,"
"2642735068,"
"2639170991,"
"2625871013,"
"2596264775,"
"2642047619,"
"2625191340,"
"2652878200,"
"2642743472,"
"2637740152,"
"2646525248,"
"2646586984,"
"2593372804,"
"2651598440,"
"2633316304,"
"2642094636,"
"2631305202,"
"2620557166,"
"2652865446,"
"2643926781,"
"2652801886,"
"2642774614,"
"2583397399,"
"2652527717,"
"2642735068,"
"2639170991,"
"2625871013,"
"2596264775,"
"2642047619,"
"2625191340,"
"2652878200,"
"2642743472,"
"2637740152,"
"2646525248,"
"2646586984,"
"2593372804,"
"2651598440,"
"2633316304,"
"2642094636,"
"2631305202,"
"2620557166,"
"2652865446,"
"2643926781,"
"2652801886,"
"2642774614,"
"2583397399,"
"2652527717,"
"2642735068,"
"2639170991,"
"2625871013,"
"2596264775,"
"2642047619,"
"2625191340,"
"2652878200,"
"2642743472,"
"2637740152,"
"2646525248,"
"2646586984,"
"2593372804,"
"2651598440,"
"2642735068,"
"2631305202,"
"2652865446,"
"2633316304,"
"2642094636,"
"2642774614,"
"2652527717,"
"2643901584,"
"2620557166,"
"2643918047,"
"2642053030,"
"2646525248,"
"2642065897,"
"2583366845,"
"2637740152,"
"2646583025,"
"2637699985,"
"2652828509,"
"2652526990,"
"1,"
"2596264775,"
"2642715085,"
"2642094636,"
"2631305202,"
"2620557166,"
"2652865446,"
"2643926781,"
"2652801886,"
"2642774614,"
"2652527717,"
"2642735068,"
"2625871013,"
"2596264775,"
"2642047619,"
"2625191340,"
"2652878200,"
"2642743472,"
"2637740152,"
"2646525248,"
"2646586984,"
"2593372804,"
"2639177083,"
"2651598440,"
"2622977671,"
"2642735068,"
"2631305202,"
"2652865446,"
"2633316304,"
"2653043468,"
"2642094636,"
"2642774614,"
"2652527717,"
"2643901584,"
"2620557166,"
"2643918047,"
"2642053030,"
"2646525248,"
"2642065897,"
"2583366845,"
"2637740152,"
"2646583025,"
"2637699985,"
"2652828509,"
"2652526990,"
"1,"
"2596264775,"
"2642735068,"
"2631305202,"
"2652865446,"
"2633316304,"
"2642094636,"
"2642774614,"
"2652527717,"
"2643901584,"
"2620557166,"
"2643918047,"
"2642053030,"
"2646525248,"
"2642065897,"
"2583366845,"
"2637740152,"
"2646583025,"
"2637699985,"
"2652828509,"
"2652526990,"
"1,"
"2596264775,"
"2642715085,"
"2640308270,"
"2652821521,"
"2652828509,"
"2603012143,"
"2646298623,"
"2648954334,"
"2642278564,"
"2647816610,"
"3,"
"2617617300,"
"310,"
"2625886974,"
"100,"
"2631305202,"
"2637703766,"
"2637709011,"
"2642735068,"
"2634228022,"
"2642019849,"
"2642730851,"
"2652865446,"
"2637740152,"
"2642094636,"
"2642733627,"
"2637706392,"
"2637707200,"
"2620557166,"
"2637704698,"
"2637704701,"
"2633316304,"
"2642731707,"
"2642743472,"
"2642731706,"
"2636411247,"
"2652828509,"
"2633316304,"
"2642094636,"
"2631305202,"
"2620557166,"
"2652865446,"
"2653043468,"
"2643926781,"
"2652801886,"
"2642774614,"
"2583397399,"
"2652527717,"
"2642735068,"
"2639170991,"
"2625871013,"
"2596264775,"
"2642047619,"
"2625191340,"
"2652878200,"
"2642743472,"
"2637740152,"
"2646525248,"
"2646586984,"
"2593372804,"
"2633316304,"
"2642094636,"
"2631305202,"
"2620557166,"
"2652865446,"
"2643926781,"
"2652801886,"
"2642774614,"
"2583397399,"
"2652527717,"
"2642735068,"
"2639170991,"
"2625871013,"
"2596264775,"
"2642047619,"
"2625191340,"
"2652878200,"
"2642743472,"
"2637740152,"
"2646525248,"
"2646586984,"
"2593372804,"
"2651598440,"
"2639467310,"
"2652557464,"
"2633885948,"
"2604271916,"
"2640396979,"
"2652562454,"
"100,"
"2620862265,"
"2646371937,"
"2636897066,"
"2626452996,"
"2645474755,"
"2636893598,"
"2642387482,"
"2652561868,"
"2645475655,"
"2615513115,"
"2631645137,"
"2652287219,"
"2640233190,"
"2644862861,"
"2646191840,"
"2640373279,"
"2613295044,"
"2646047947,"
"2633316304,"
"2642094636,"
"2631305202,"
"2620557166,"
"2652865446,"
"2643926781,"
"2652801886,"
"2642774614,"
"2583397399,"
"2652527717,"
"2642735068,"
"2639170991,"
"2625871013,"
"2596264775,"
"2642047619,"
"2625191340,"
"2652878200,"
"2642743472,"
"2637740152,"
"2646525248,"
"2646586984,"
"2593372804,"
"2651598440,"
"2642735068,"
"2642731706,"
"2642730851,"
"2642731707,"
"2642733626,"
"2631305202,"
"2652865446,"
"2633316304,"
"2642733627,"
"2642094636,"
"2642774614,"
"2652527717,"
"2643901584,"
"2620557166,"
"2643918047,"
"2642053030,"
"2646525248,"
"2642065897,"
"2643914468,"
"2583366845,"
"2637740152,"
"2646583025,"
"2642047619,"
"2637699985,"
"2652828509,"
"2642735068,"
"2642731706,"
"2642730851,"
"2642731707,"
"2642733626,"
"2631305202,"
"2652865446,"
"2633316304,"
"2642733627,"
"2642094636,"
"2642774614,"
"2652527717,"
"2643901584,"
"2620557166,"
"2643918047,"
"2642053030,"
"2646525248,"
"2642065897,"
"2643914468,"
"2583366845,"
"2637740152,"
"2646583025,"
"2642047619,"
"2637699985,"
"2652828509,"
"2642735068,"
"2631305202,"
"2652865446,"
"2633316304,"
"2642094636,"
"2642774614,"
"2652527717,"
"2643901584,"
"2620557166,"
"2643918047,"
"2642053030,"
"2646525248,"
"2642065897,"
"2583366845,"
"2637740152,"
"2646583025,"
"2637699985,"
"2652828509,"
"2652526990,"
"1,"
"2596264775,"
"2642715085,"
"2633316304,"
"2642094636,"
"2631305202,"
"2620557166,"
"2652865446,"
"2643926781,"
"2652801886,"
"2642774614,"
"2583397399,"
"2652527717,"
"2642735068,"
"2639170991,"
"2625871013,"
"2596264775,"
"2642047619,"
"2625191340,"
"2652878200,"
"2642743472,"
"2637740152,"
"2646525248,"
"2646586984,"
"2593372804,"
"2651598440,"
"2633316304,"
"2642094636,"
"2631305202,"
"2620557166,"
"2652865446,"
"2643926781,"
"2652801886,"
"2642774614,"
"2583397399,"
"2652527717,"
"2642735068,"
"2639170991,"
"2625871013,"
"2596264775,"
"2642047619,"
"2625191340,"
"2652878200,"
"2642743472,"
"2637740152,"
"2646525248,"
"2646586984,"
"2593372804,"
"2651598440,"
"2631305202,"
"2637703766,"
"2642735068,"
"2642019849,"
"2652865446,"
"2642094636,"
"2620557166,"
"2633316304,"
"2642743472,"
"2652828509,"
"2652801886,"
"2642774614,"
"100,"
"2650182801,"
"2636914774,"
"2646583025,"
"2622977671,"
"2652527717,"
"2652826099,"
"2590429355,"
"2633316304,"
"2642094636,"
"2631305202,"
"2620557166,"
"2652865446,"
"2643926781,"
"2652801886,"
"2642774614,"
"2583397399,"
"2652527717,"
"2642735068,"
"2639170991,"
"2625871013,"
"2596264775,"
"2642047619,"
"2625191340,"
"2652878200,"
"2642743472,"
"2637740152,"
"2646525248,"
"2646586984,"
"2593372804,"
"2651598440,"
"2642735068,"
"2631305202,"
"2652865446,"
"2642094636,"
"2642774614,"
"2652527717,"
"2643901584,"
"2643918047,"
"2646525248,"
"2620557166,"
"2642053030,"
"2652828509,"
"2637740152,"
"2642065897,"
"2646583025,"
"2651542772,"
"1,"
"2652526990,"
"2637699985,"
"2641036299,"
"2642735068,"
"2631305202,"
"2652865446,"
"2633316304,"
"2653043468,"
"2642094636,"
"2642774614,"
"2652527717,"
"2643901584,"
"2620557166,"
"2643918047,"
"2642053030,"
"2646525248,"
"2642065897,"
"2583366845,"
"2637740152,"
"2646583025,"
"2637699985,"
"2652828509,"
"2652526990,"
"1,"
"2596264775,"
"2633316304,"
"2642094636,"
"2631305202,"
"2620557166,"
"2652865446,"
"2653043468,"
"2643926781,"
"2652801886,"
"2642774614,"
"2583397399,"
"2652527717,"
"2642735068,"
"2639170991,"
"2625871013,"
"2642730851,"
"2596264775,"
"2642733627,"
"2642047619,"
"2642731706,"
"2625191340,"
"2642731707,"
"2601678189,"
"2642733626,"
"2652878200,"
"2642053030,"
"2639863945,"
"2652559643,"
"2637235254,"
"2617181299,"
"2644818965,"
"2626322128,"
"2613128010,"
"2650165365,"
"2642466473,"
"2651125097,"
"2621825369,"
"2646049633,"
"2641488121,"
"2642387482,"
"2643946009,"
"2645475640,"
"2641451314,"
"2639467310,"
"2652557464,"
"2646191840,"
"2652563231,"
"2614452352,"
"2644885014,"
"2604274391,"
"2646332653,"
"2633316304,"
"2642094636,"
"2631305202,"
"2620557166,"
"2652865446,"
"2643926781,"
"2652801886,"
"2642774614,"
"2583397399,"
"2652527717,"
"2642735068,"
"2639170991,"
"2625871013,"
"2642730851,"
"2596264775,"
"2642733627,"
"2642047619,"
"2642731706,"
"2625191340,"
"2642731707,"
"2601678189,"
"2642733626,"
"2652878200,"
"2642053030,"
"2640330671,"
"2642735068,"
"2631305202,"
"2652865446,"
"2633316304,"
"2642094636,"
"2642774614,"
"2652527717,"
"2643901584,"
"2620557166,"
"2643918047,"
"2642053030,"
"2646525248,"
"2642065897,"
"2583366845,"
"2637740152,"
"2646583025,"
"2637699985,"
"2652828509,"
"2652526990,"
"1,"
"2596264775,"
"2642715085,"
"2633316304,"
"2642094636,"
"2631305202,"
"2620557166,"
"2652865446,"
"2643926781,"
"2652801886,"
"2642774614,"
"2583397399,"
"2652527717,"
"2642735068,"
"2639170991,"
"2625871013,"
"2596264775,"
"2642047619,"
"2625191340,"
"2652878200,"
"2642743472,"
"2637740152,"
"2646525248,"
"2646586984,"
"2593372804,"
"2651598440,"
"2633316304,"
"2642094636,"
"2631305202,"
"2620557166,"
"2652865446,"
"2653043468,"
"2643926781,"
"2652801886,"
"2642774614,"
"2583397399,"
"2652527717,"
"2642735068,"
"2639170991,"
"2625871013,"
"2596264775,"
"2642047619,"
"2625191340,"
"2652878200,"
"2642743472,"
"2637740152,"
"2646525248,"
"2646586984,"
"2593372804,"
"2633316304,"
"2642094636,"
"2631305202,"
"2620557166,"
"2652865446,"
"2643926781,"
"2652801886,"
"2642774614,"
"2583397399,"
"2652527717,"
"2642735068,"
"2639170991,"
"2625871013,"
"2642730851,"
"2596264775,"
"2642733627,"
"2642047619,"
"2642731706,"
"2625191340,"
"2642731707,"
"2601678189,"
"2642733626,"
"2652878200,"
"2642053030,"
"2640330671,"
"2642735068,"
"2642731706,"
"2642730851,"
"2642731707,"
"2642733626,"
"2631305202,"
"2652865446,"
"2633316304,"
"2642733627,"
"2642094636,"
"2642774614,"
"2652527717,"
"2643901584,"
"2620557166,"
"2643918047,"
"2642053030,"
"2646525248,"
"2642065897,"
"2643914468,"
"2583366845,"
"2637740152,"
"2646583025,"
"2642047619,"
"2637699985,"
"2652828509,"
"2642094636,"
"2631305202,"
"2620557166,"
"2652865446,"
"2643926781,"
"2652801886,"
"2642774614,"
"2652527717,"
"2642735068,"
"2625871013,"
"2596264775,"
"2642730851,"
"2642047619,"
"2642733627,"
"2642731706,"
"2625191340,"
"2601678189,"
"2642731707,"
"2642733626,"
"2652878200,"
"2642053030,"
"2640330671,"
"2642743472,"
"2593379395,"
"2637740152,"
"2642094636,"
"2631305202,"
"2620557166,"
"2652865446,"
"2643926781,"
"2652801886,"
"2642774614,"
"2652527717,"
"2642735068,"
"2625871013,"
"2596264775,"
"2642730851,"
"2642047619,"
"2642733627,"
"2642731706,"
"2625191340,"
"2601678189,"
"2642731707,"
"2642733626,"
"2652878200,"
"2642053030,"
"2640330671,"
"2642743472,"
"2593379395,"
"2637740152,"
"2633316304,"
"2642094636,"
"2631305202,"
"2620557166,"
"2652865446,"
"2643926781,"
"2652801886,"
"2642774614,"
"2583397399,"
"2652527717,"
"2642735068,"
"2639170991,"
"2625871013,"
"2596264775,"
"2642047619,"
"2625191340,"
"2652878200,"
"2642743472,"
"2637740152,"
"2646525248,"
"2646586984,"
"2593372804,"
"2651598440,"
"2639467310,"
"2652557464,"
"2633885948,"
"2604271916,"
"2640396979,"
"2652563354,"
"100,"
"2620862265,"
"2646371937,"
"2636894358,"
"2626452996,"
"2645474755,"
"2636891868,"
"2642387482,"
"2652559643,"
"2645476414,"
"2615513115,"
"2631645137,"
"2642713602,"
"2640233190,"
"2644862861,"
"2646191840,"
"2640373279,"
"2613295044,"
"2646049633,"
"2642735068,"
"2631305202,"
"2652865446,"
"2633316304,"
"2642094636,"
"2642774614,"
"2652527717,"
"2643901584,"
"2620557166,"
"2643918047,"
"2642053030,"
"2646525248,"
"2642065897,"
"2583366845,"
"2637740152,"
"2646583025,"
"2637699985,"
"2652828509,"
"2652526990,"
"1,"
"2596264775,"
"2642715085,"
"2633316304,"
"2642094636,"
"2631305202,"
"2620557166,"
"2652865446,"
"2643926781,"
"2652801886,"
"2642774614,"
"2583397399,"
"2652527717,"
"2642735068,"
"2639170991,"
"2625871013,"
"2596264775,"
"2642047619,"
"2625191340,"
"2652878200,"
"2642743472,"
"2637740152,"
"2646525248,"
"2646586984,"
"2593372804,"
"2651598440,"
"2633316304,"
"2642094636,"
"2631305202,"
"2620557166,"
"2652865446,"
"2653043468,"
"2643926781,"
"2652801886,"
"2642774614,"
"2583397399,"
"2652527717,"
"2642735068,"
"2639170991,"
"2625871013,"
"2642730851,"
"2596264775,"
"2642733627,"
"2642047619,"
"2642731706,"
"2625191340,"
"2642731707,"
"2601678189,"
"2642733626,"
"2652878200,"
"2642053030,"
"2642735068,"
"2631305202,"
"2652865446,"
"2642094636,"
"2642774614,"
"2652527717,"
"2643901584,"
"2643918047,"
"2646525248,"
"2620557166,"
"2642053030,"
"2652828509,"
"2637740152,"
"2642065897,"
"2646583025,"
"2651542772,"
"1,"
"2652526990,"
"2637699985,"
"2641036299,"
"2633316304,"
"2642094636,"
"2631305202,"
"2620557166,"
"2652865446,"
"2653043468,"
"2643926781,"
"2652801886,"
"2642774614,"
"2583397399,"
"2652527717,"
"2642735068,"
"2639170991,"
"2625871013,"
"2642730851,"
"2596264775,"
"2642733627,"
"2642047619,"
"2642731706,"
"2625191340,"
"2642731707,"
"2601678189,"
"2642733626,"
"2633316304,"
"2642094636,"
"2631305202,"
"2620557166,"
"2652865446,"
"2643926781,"
"2652801886,"
"2642774614,"
"2583397399,"
"2652527717,"
"2642735068,"
"2639170991,"
"2625871013,"
"2642730851,"
"2596264775,"
"2642733627,"
"2642047619,"
"2642731706,"
"2625191340,"
"2642731707,"
"2601678189,"
"2642733626,"
"2652878200,"
"2642053030,"
"2640330671,"
"2642735068,"
"2642731706,"
"2642730851,"
"2642731707,"
"2642733626,"
"2631305202,"
"2652865446,"
"2633316304,"
"2642733627,"
"2642094636,"
"2642774614,"
"2652527717,"
"2643901584,"
"2620557166,"
"2643918047,"
"2642053030,"
"2646525248,"
"2642065897,"
"2643914468,"
"2583366845,"
"2637740152,"
"2646583025,"
"2642047619,"
"2637699985,"
"2652828509,"
"1871,"
"2652244259,"
"2641045704,"
"2600644726,"
"2620363190,"
"2624028980,"
"2651080155,"
"2642853846,"
"2635366604,"
"2610806761,"
"2616916672,"
"2640492441,"
"2633316304,"
"2642094636,"
"2631305202,"
"2620557166,"
"2652865446,"
"2643926781,"
"2652801886,"
"2642774614,"
"2583397399,"
"2652527717,"
"2642735068,"
"2639170991,"
"2625871013,"
"2596264775,"
"2642047619,"
"2625191340,"
"2652878200,"
"2642743472,"
"2637740152,"
"2646525248,"
"2646586984,"
"2593372804,"
"2651598440,"
"2633316304,"
"2642094636,"
"2631305202,"
"2620557166,"
"2652865446,"
"2643926781,"
"2652801886,"
"2642774614,"
"2583397399,"
"2652527717,"
"2642735068,"
"2639170991,"
"2625871013,"
"2596264775,"
"2642047619,"
"2625191340,"
"2652878200,"
"2642743472,"
"2637740152,"
"2646525248,"
"2646586984,"
"2593372804,"
"2651598440,"
"2642735068,"
"2631305202,"
"2652865446,"
"2633316304,"
"2642094636,"
"2642774614,"
"2652527717,"
"2643901584,"
"2620557166,"
"2643918047,"
"2642053030,"
"2646525248,"
"2642065897,"
"2583366845,"
"2637740152,"
"2646583025,"
"2637699985,"
"2652828509,"
"2652526990,"
"1,"
"2596264775,"
"2642715085,"
"2633316304,"
"2642094636,"
"2631305202,"
"2620557166,"
"2652865446,"
"2643926781,"
"2652801886,"
"2642774614,"
"2583397399,"
"2652527717,"
"2642735068,"
"2639170991,"
"2625871013,"
"2596264775,"
"2642047619,"
"2625191340,"
"2652878200,"
"2642743472,"
"2637740152,"
"2646525248,"
"2646586984,"
"2593372804,"
"2651598440,"
"2642735068,"
"2631305202,"
"2652865446,"
"2633316304,"
"2642094636,"
"2642774614,"
"2652527717,"
"2643901584,"
"2620557166,"
"2643918047,"
"2642053030,"
"2646525248,"
"2642065897,"
"2583366845,"
"2637740152,"
"2646583025,"
"2637699985,"
"2652828509,"
"2652526990,"
"1,"
"2596264775,"
"2642715085,"
"2633316304,"
"2642094636,"
"2631305202,"
"2620557166,"
"2652865446,"
"2643926781,"
"2652801886,"
"2642774614,"
"2583397399,"
"2652527717,"
"2642735068,"
"2639170991,"
"2625871013,"
"2596264775,"
"2642047619,"
"2625191340,"
"2652878200,"
"2642743472,"
"2637740152,"
"2646525248,"
"2646586984,"
"2593372804,"
"2651598440,"
"2633316304,"
"2642094636,"
"2631305202,"
"2620557166,"
"2652865446,"
"2643926781,"
"2652801886,"
"2642774614,"
"2583397399,"
"2652527717,"
"2642735068,"
"2639170991,"
"2625871013,"
"2642730851,"
"2596264775,"
"2642733627,"
"2642047619,"
"2642731706,"
"2625191340,"
"2642731707,"
"2601678189,"
"2642733626,"
"2652878200,"
"2642053030,"
"2640330671,"
"2642735068,"
"2631305202,"
"2652865446,"
"2633316304,"
"2653043468,"
"2642094636,"
"2642774614,"
"2652527717,"
"2643901584,"
"2620557166,"
"2643918047,"
"2642053030,"
"2646525248,"
"2642065897,"
"2583366845,"
"2637740152,"
"2646583025,"
"2637699985,"
"2652828509,"
"2652526990,"
"1,"
"2596264775,"
"2642735068,"
"2631305202,"
"2652865446,"
"2633316304,"
"2642094636,"
"2642774614,"
"2652527717,"
"2643901584,"
"2620557166,"
"2643918047,"
"2642053030,"
"2646525248,"
"2642065897,"
"2583366845,"
"2637740152,"
"2646583025,"
"2637699985,"
"2652828509,"
"2652526990,"
"1,"
"2596264775,"
"2642715085,"
"2633316304,"
"2642094636,"
"2631305202,"
"2620557166,"
"2652865446,"
"2643926781,"
"2652801886,"
"2642774614,"
"2583397399,"
"2652527717,"
"2642735068,"
"2639170991,"
"2625871013,"
"2642730851,"
"2596264775,"
"2642733627,"
"2642047619,"
"2642731706,"
"2625191340,"
"2642731707,"
"2601678189,"
"2642733626,"
"2652878200,"
"2642053030,"
"2640330671,"
"2633316304,"
"2642094636,"
"2631305202,"
"2620557166,"
"2652865446,"
"2643926781,"
"2652801886,"
"2642774614,"
"2583397399,"
"2652527717,"
"2642735068,"
"2639170991,"
"2625871013,"
"2596264775,"
"2642047619,"
"2625191340,"
"2652878200,"
"2642743472,"
"2637740152,"
"2646525248,"
"2646586984,"
"2593372804,"
"2651598440,"
